timestamp,do_mean,temp_mean,ph_mean
2026-03-26 19:55:00,6.802,26.96,8.181
2026-03-26 20:00:00,7.178,26.96,8.183
2026-03-26 20:05:00,7.038,26.96,8.184
2026-03-26 20:10:00,7.376,26.96,8.183
2026-03-26 20:15:00,7.643,26.96,8.18
2026-03-26 20:20:00,6.527,26.96,8.173
2026-03-26 20:25:00,7.718,26.96,8.167
2026-03-26 20:30:00,7.45,26.96,8.167
2026-03-26 20:35:00,7.214,26.97,8.172
2026-03-26 20:40:00,7.29,26.96,8.166
2026-03-26 20:45:00,7.6,26.96,8.161
2026-03-26 20:50:00,7.739,26.96,8.156
2026-03-26 20:55:00,7.806,26.96,8.159
2026-03-26 21:00:00,7.686,26.96,8.157
2026-03-26 21:05:00,7.804,26.97,8.175
2026-03-26 21:10:00,7.4,26.97,8.161
2026-03-26 21:15:00,7.451,26.96,8.155
2026-03-26 21:20:00,8.323,26.96,8.15
2026-03-26 21:25:00,7.772,26.96,8.146
2026-03-26 21:30:00,8.034,26.96,8.147
2026-03-26 21:35:00,7.845,26.96,8.137
2026-03-26 21:40:00,7.709,26.96,8.128
2026-03-26 21:45:00,7.551,26.96,8.127
2026-03-26 21:50:00,6.891,26.96,8.115
2026-03-26 21:55:00,7.371,26.96,8.118
2026-03-26 22:00:00,7.261,26.96,8.12
2026-03-26 22:05:00,7.367,26.96,8.122
2026-03-26 22:10:00,7.894,26.96,8.128
2026-03-26 22:15:00,8.736,26.95,8.135
2026-03-26 22:20:00,8.327,26.96,8.133
2026-03-26 22:25:00,8.509,26.95,8.137
2026-03-26 22:30:00,8.296,26.95,8.139
2026-03-26 22:35:00,8.207,26.95,8.145
2026-03-26 22:40:00,7.573,26.95,8.139
2026-03-26 22:45:00,7.776,26.95,8.141
2026-03-26 22:50:00,7.999,26.95,8.195
2026-03-26 22:55:00,8.439,26.95,8.181
2026-03-26 23:00:00,8.536,26.95,8.161
2026-03-26 23:05:00,8.342,26.95,8.168
2026-03-26 23:10:00,7.929,26.95,8.174
2026-03-26 23:15:00,7.968,26.96,8.185
2026-03-26 23:20:00,7.535,26.96,8.187
2026-03-26 23:25:00,8.073,26.96,8.178
2026-03-26 23:30:00,8.198,26.96,8.182
2026-03-26 23:35:00,8.157,26.96,8.185
2026-03-26 23:40:00,7.601,26.96,8.186
2026-03-26 23:45:00,7.292,26.97,8.185
2026-03-26 23:50:00,7.886,26.97,8.186
2026-03-26 23:55:00,7.542,26.98,8.185
2026-03-27 00:00:00,7.607,26.97,8.195
2026-03-27 00:05:00,7.497,26.97,8.183
2026-03-27 00:10:00,7.913,26.98,8.186
2026-03-27 00:15:00,8.069,26.99,8.182
2026-03-27 00:20:00,8.394,26.98,8.182
2026-03-27 00:25:00,8.027,26.97,8.176
2026-03-27 00:25:00,8.028,26.97,8.176
2026-03-27 00:30:00,8.205,26.98,8.179
2026-03-27 00:30:00,8.205,26.98,8.179
2026-03-27 00:35:00,7.548,27.0,8.173
2026-03-27 00:40:00,8.382,26.99,8.181
2026-03-27 00:45:00,8.541,26.99,8.17
2026-03-27 00:50:00,8.619,27.01,8.176
2026-03-27 00:55:00,8.213,27.01,8.157
2026-03-27 01:00:00,8.085,27.02,8.157
2026-03-27 01:05:00,8.525,27.01,8.188
2026-03-27 01:10:00,7.473,26.98,8.169
2026-03-27 01:15:00,7.665,26.98,8.158
2026-03-27 01:20:00,7.626,26.99,8.16
2026-03-27 01:25:00,7.783,26.98,8.16
2026-03-27 01:30:00,8.061,27.0,8.161
2026-03-27 01:35:00,7.974,26.99,8.174
2026-03-27 01:40:00,7.867,26.99,8.191
2026-03-27 01:45:00,8.21,26.99,8.197
2026-03-27 01:50:00,7.973,27.0,8.197
2026-03-27 01:55:00,7.913,27.01,8.2
2026-03-27 02:00:00,7.405,26.99,8.202
2026-03-27 02:05:00,7.349,27.01,8.202
2026-03-27 02:10:00,8.208,27.02,8.202
2026-03-27 02:15:00,8.361,27.0,8.198
2026-03-27 02:20:00,8.086,27.02,8.2
2026-03-27 02:25:00,7.989,27.02,8.212
2026-03-27 02:30:00,7.719,27.01,8.207
2026-03-27 02:35:00,7.826,27.01,8.219
2026-03-27 02:40:00,7.479,27.02,8.212
2026-03-27 02:45:00,7.028,27.03,8.215
2026-03-27 02:50:00,6.904,27.02,8.213
2026-03-27 02:55:00,6.643,27.02,8.22
2026-03-27 03:00:00,6.561,27.03,8.213
2026-03-27 03:05:00,6.657,27.03,8.217
2026-03-27 03:10:00,6.205,27.03,8.218
2026-03-27 05:30:00,5.323,27.01,8.192
2026-03-27 05:35:00,5.677,27.0,8.199
2026-03-27 05:40:00,6.184,26.98,8.202
2026-03-27 05:45:00,6.178,26.99,8.204
2026-03-27 05:50:00,6.2,27.0,8.197
2026-03-27 05:55:00,6.379,26.97,8.192
2026-03-27 06:00:00,6.283,26.96,8.178
2026-03-27 06:05:00,7.171,26.95,8.175
2026-03-27 06:10:00,7.293,26.95,8.165
2026-03-27 06:15:00,7.85,26.94,8.165
2026-03-27 06:20:00,7.451,26.92,8.143
2026-03-27 06:25:00,7.122,26.89,8.144
2026-03-27 06:30:00,7.349,26.89,8.142
2026-03-27 06:35:00,7.962,26.88,8.135
2026-03-27 06:40:00,8.449,26.85,8.125
2026-03-27 06:45:00,8.001,26.83,8.121
2026-03-27 06:50:00,8.08,26.83,8.121
2026-03-27 06:55:00,8.449,26.83,8.121
2026-03-27 07:00:00,8.441,26.82,8.126
2026-03-27 07:05:00,8.159,26.8,8.116
2026-03-27 07:10:00,8.289,26.78,8.109
2026-03-27 07:15:00,8.192,26.76,8.115
2026-03-27 07:20:00,8.325,26.76,8.084
2026-03-27 07:25:00,7.923,26.76,8.064
2026-03-27 07:30:00,8.324,26.75,8.06
2026-03-27 07:35:00,7.82,26.7,8.062
2026-03-27 07:40:00,8.398,26.7,8.061
2026-03-27 07:45:00,8.403,26.68,8.057
2026-03-27 07:50:00,7.955,26.69,8.047
2026-03-27 07:55:00,7.7,26.69,8.049
2026-03-27 08:00:00,7.709,26.65,8.046
2026-03-27 08:05:00,7.672,26.64,8.035
2026-03-27 08:10:00,8.319,26.62,8.031
2026-03-27 08:15:00,7.532,26.62,8.028
2026-03-27 08:20:00,8.001,26.62,8.037
2026-03-27 08:25:00,7.697,26.62,8.036
2026-03-27 08:30:00,8.554,26.6,8.039
2026-03-27 08:35:00,8.102,26.57,8.053
2026-03-27 08:40:00,7.534,26.56,8.053
2026-03-27 08:45:00,8.01,26.55,8.055
2026-03-27 08:50:00,7.978,26.55,8.061
2026-03-27 08:55:00,8.677,26.55,8.054
2026-03-27 09:00:00,8.921,26.54,8.052
2026-03-27 09:05:00,8.975,26.53,8.061
2026-03-27 09:10:00,8.496,26.5,8.056
2026-03-27 09:15:00,8.007,26.5,8.059
2026-03-27 09:20:00,8.935,26.5,8.053
2026-03-27 09:25:00,9.05,26.48,8.061
2026-03-27 09:30:00,8.189,26.49,8.05
2026-03-27 09:35:00,8.905,26.48,8.049
2026-03-27 09:40:00,8.734,26.48,8.038
2026-03-27 09:45:00,8.602,26.47,8.058
2026-03-27 09:50:00,8.816,26.45,8.067
2026-03-27 09:55:00,8.291,26.44,8.054
2026-03-27 10:00:00,7.834,26.45,8.051
2026-03-27 10:05:00,7.918,26.43,8.042
2026-03-27 10:10:00,8.422,26.45,8.044
2026-03-27 10:15:00,8.7,26.44,8.04
2026-03-27 10:20:00,8.713,26.43,8.037
2026-03-27 10:25:00,8.735,26.42,8.037
2026-03-27 10:30:00,8.711,26.43,8.043
2026-03-27 10:35:00,8.5,26.44,8.052
2026-03-27 10:40:00,8.681,26.43,8.068
2026-03-27 10:45:00,8.103,26.44,8.079
2026-03-27 10:50:00,8.299,26.43,8.083
2026-03-27 10:55:00,8.138,26.44,8.091
2026-03-27 11:00:00,8.332,26.43,8.088
2026-03-27 11:05:00,8.361,26.43,8.075
2026-03-27 11:10:00,8.3,26.42,8.076
2026-03-27 11:15:00,8.294,26.44,8.075
2026-03-27 11:20:00,8.2,26.45,8.077
2026-03-27 11:25:00,8.195,26.47,8.08
2026-03-27 11:30:00,7.952,26.47,8.092
2026-03-27 11:35:00,7.927,26.48,8.1
2026-03-27 11:40:00,7.957,26.48,8.09
2026-03-27 11:45:00,7.735,26.48,8.09
2026-03-27 11:50:00,7.337,26.48,8.099
2026-03-27 11:55:00,7.756,26.49,8.117
2026-03-27 12:00:00,7.914,26.48,8.13
2026-03-27 12:05:00,7.419,26.48,8.14
2026-03-27 12:10:00,7.801,26.49,8.131
2026-03-27 12:15:00,7.227,26.48,8.142
2026-03-27 12:20:00,7.201,26.49,8.137
2026-03-27 12:25:00,7.286,26.49,8.144
2026-03-27 12:30:00,7.787,26.5,8.17
2026-03-27 12:35:00,7.55,26.51,8.172
2026-03-27 12:40:00,7.249,26.5,8.179
2026-03-27 12:45:00,7.192,26.52,8.188
2026-03-27 12:50:00,7.084,26.54,8.198
2026-03-27 12:55:00,7.544,26.56,8.205
2026-03-27 13:00:00,7.655,26.56,8.214
2026-03-27 13:05:00,7.514,26.55,8.211
2026-03-27 13:10:00,7.598,26.56,8.196
2026-03-27 13:15:00,7.377,26.57,8.186
2026-03-27 13:20:00,7.092,26.6,8.181
2026-03-27 13:25:00,7.298,26.58,8.175
2026-03-27 13:30:00,7.332,26.61,8.172
2026-03-27 13:35:00,7.824,26.61,8.193
2026-03-27 13:40:00,7.635,26.62,8.225
2026-03-27 13:45:00,7.34,26.65,8.274
2026-03-27 13:50:00,7.237,26.66,8.33
2026-03-27 13:55:00,6.849,26.68,8.4
2026-03-27 14:00:00,7.406,26.72,8.468
2026-03-27 14:05:00,7.057,26.76,8.475
2026-03-27 14:10:00,7.031,26.82,8.48
2026-03-27 14:15:00,6.797,26.88,8.547
2026-03-27 14:20:00,7.374,26.92,8.617
2026-03-27 14:25:00,8.197,26.95,8.627
2026-03-27 14:30:00,7.209,26.99,8.616
2026-03-27 14:35:00,7.495,27.03,8.623
2026-03-27 14:40:00,7.556,27.07,8.599
2026-03-27 14:45:00,7.483,27.11,8.594
2026-03-27 14:50:00,7.856,27.17,8.559
2026-03-27 14:55:00,8.03,27.23,8.545
2026-03-27 15:00:00,7.407,27.29,8.591
2026-03-27 15:05:00,7.747,27.36,8.616
2026-03-27 15:10:00,7.579,27.42,8.622
2026-03-27 15:15:00,7.674,27.46,8.574
2026-03-27 15:20:00,7.68,27.52,8.518
2026-03-27 15:25:00,7.892,27.63,8.692
2026-03-27 15:30:00,7.825,27.77,8.873
2026-03-27 15:35:00,8.058,27.92,8.87
2026-03-27 15:40:00,8.032,28.04,8.78
2026-03-27 15:45:00,7.917,28.18,8.687
2026-03-27 15:50:00,7.165,28.29,8.608
2026-03-27 15:55:00,7.717,28.42,8.56
2026-03-27 16:00:00,8.152,28.51,8.52
2026-03-27 16:05:00,7.67,28.64,8.495
2026-03-27 16:10:00,7.38,28.73,8.476
2026-03-27 16:15:00,7.332,28.82,8.463
2026-03-27 16:20:00,7.211,28.91,8.452
2026-03-27 16:25:00,6.942,28.97,8.434
2026-03-27 16:30:00,6.385,29.06,8.421
2026-03-27 16:35:00,6.457,29.13,8.408
2026-03-27 16:40:00,5.748,29.2,8.365
2026-03-27 16:45:00,5.524,29.27,8.321
2026-03-27 16:50:00,5.321,29.31,8.294
2026-03-27 16:55:00,4.928,29.35,8.275
2026-03-27 17:00:00,4.591,29.4,8.25
2026-03-28 12:50:00,7.2,26.28,7.693
2026-03-28 12:55:00,7.641,26.28,7.699
2026-03-28 13:00:00,7.244,26.28,7.71
2026-03-28 13:05:00,6.927,26.25,7.735
2026-03-28 13:10:00,7.976,26.25,7.789
2026-03-28 13:15:00,8.912,26.27,7.869
2026-03-28 13:20:00,8.743,26.28,7.932
2026-03-28 13:25:00,8.626,26.28,7.988
2026-03-28 13:30:00,7.824,26.29,8.051
2026-03-28 13:35:00,8.232,26.33,8.116
2026-03-28 13:40:00,9.718,26.37,8.191
2026-03-28 13:45:00,9.377,26.42,8.367
2026-03-28 13:50:00,8.878,26.49,8.602
2026-03-28 13:55:00,8.99,26.53,8.738
2026-03-28 14:00:00,9.762,26.61,8.835
2026-03-28 14:05:00,9.489,26.73,8.88
2026-03-28 14:10:00,9.05,26.84,8.914
2026-03-28 14:15:00,8.561,26.97,8.938
2026-03-28 14:20:00,8.771,27.07,8.969
2026-03-28 14:25:00,8.756,27.19,8.812
2026-03-28 14:30:00,8.454,27.3,8.655
2026-03-28 14:35:00,8.369,27.46,8.57
2026-03-28 14:40:00,8.664,27.55,8.516
2026-03-28 14:45:00,9.284,27.66,8.485
2026-03-28 14:50:00,9.526,27.76,8.462
2026-03-28 14:55:00,9.484,27.85,8.394
2026-03-28 15:00:00,9.038,27.96,8.342
2026-03-28 15:05:00,8.431,28.06,8.313
2026-03-28 15:10:00,9.115,28.16,8.308
2026-03-28 15:15:00,9.467,28.26,8.281
2026-03-28 15:20:00,8.309,28.33,8.277
2026-03-28 15:25:00,8.976,28.41,8.256
2026-03-28 15:30:00,8.096,28.45,8.229
2026-03-28 15:35:00,8.76,28.46,8.195
2026-03-28 15:40:00,10.091,28.5,8.194
2026-03-28 15:45:00,8.949,28.53,8.185
2026-03-28 15:50:00,8.154,28.6,8.195
2026-03-28 15:55:00,8.126,28.65,8.221
2026-03-28 16:00:00,8.693,28.68,8.224
2026-03-28 16:05:00,8.222,28.72,8.211
2026-03-28 16:10:00,9.6,28.74,8.183
2026-03-28 16:15:00,9.19,28.76,8.159
2026-03-28 16:20:00,9.73,28.74,8.134
2026-03-28 16:25:00,9.428,28.72,8.103
2026-03-28 16:30:00,9.348,28.7,8.078
2026-03-28 16:35:00,8.164,28.72,8.107
2026-03-28 16:40:00,9.547,28.73,8.115
2026-03-28 16:45:00,9.949,28.71,8.11
2026-03-28 16:50:00,9.298,28.67,8.074
2026-03-28 16:55:00,8.43,28.65,8.048
2026-03-28 17:00:00,9.316,28.6,8.032
2026-03-28 17:05:00,8.423,28.56,8.0
2026-03-28 17:10:00,8.381,28.53,7.99
2026-03-28 17:15:00,8.921,28.51,7.978
2026-03-28 17:20:00,9.493,28.46,7.962
2026-03-28 17:25:00,9.036,28.43,7.949
2026-03-28 17:30:00,8.887,28.39,7.942
2026-03-28 17:35:00,9.061,28.36,7.934
2026-03-28 17:40:00,8.45,28.32,7.91
2026-03-28 17:45:00,8.338,28.27,7.906
2026-03-28 17:50:00,8.14,28.25,7.899
2026-03-28 17:55:00,8.507,28.19,7.903
2026-03-28 18:00:00,8.353,28.13,7.911
2026-03-28 18:05:00,9.399,28.11,7.901
2026-03-28 18:10:00,8.733,28.06,7.896
2026-03-28 18:15:00,8.755,28.04,7.896
2026-03-28 18:20:00,8.467,27.99,7.896
2026-03-28 18:25:00,9.671,27.95,7.902
2026-03-28 18:30:00,9.799,27.9,7.888
2026-03-28 18:35:00,9.747,27.85,7.883
2026-03-28 18:40:00,8.688,27.83,7.876
2026-03-28 18:45:00,7.998,27.78,7.872
2026-03-28 18:50:00,8.905,27.74,7.869
2026-03-28 18:55:00,9.509,27.71,7.883
2026-03-28 19:00:00,8.507,27.68,7.881
2026-03-28 19:05:00,8.556,27.65,7.883
2026-03-28 19:10:00,8.776,27.59,7.881
2026-03-28 19:15:00,8.985,27.57,7.883
2026-03-28 19:20:00,8.668,27.52,7.859
2026-03-28 19:25:00,8.452,27.49,7.86
2026-03-28 19:30:00,8.681,27.44,7.862
2026-03-28 19:35:00,8.776,27.4,7.852
2026-03-28 19:40:00,8.891,27.37,7.851
2026-03-28 19:45:00,9.161,27.32,7.845
2026-03-28 19:50:00,8.943,27.3,7.832
2026-03-28 19:55:00,8.965,27.26,7.82
2026-03-28 20:00:00,8.095,27.22,7.815
2026-03-28 20:05:00,8.116,27.19,7.823
2026-03-28 20:10:00,8.415,27.14,7.831
2026-03-28 20:15:00,8.443,27.1,7.834
2026-03-28 20:20:00,9.322,27.07,7.919
2026-03-28 20:25:00,9.008,27.03,7.841
2026-03-28 20:30:00,9.305,27.0,7.839
2026-03-28 20:35:00,8.303,26.96,7.806
2026-03-28 20:40:00,8.883,26.92,7.797
2026-03-28 20:45:00,8.358,26.9,7.795
2026-03-28 20:50:00,8.424,26.85,7.794
2026-03-28 20:55:00,8.493,26.83,7.791
2026-03-28 21:00:00,8.003,26.8,7.791
2026-03-28 21:05:00,8.112,26.76,7.786
2026-03-28 21:10:00,7.994,26.7,7.776
2026-03-28 21:15:00,8.83,26.69,7.776
2026-03-28 21:20:00,8.825,26.64,7.77
2026-03-28 21:25:00,8.054,26.62,7.761
2026-03-28 21:30:00,8.49,26.58,7.757
2026-03-28 21:35:00,9.062,26.55,7.754
2026-03-28 21:40:00,7.797,26.53,7.755
2026-03-28 21:45:00,8.334,26.5,7.755
2026-03-28 21:50:00,8.179,26.47,7.746
2026-03-28 21:55:00,9.575,26.43,7.737
2026-03-28 22:00:00,8.512,26.41,7.732
2026-03-28 22:05:00,8.052,26.38,7.721
2026-03-28 22:10:00,7.873,26.35,7.704
2026-03-28 22:15:00,7.793,26.31,7.698
2026-03-28 22:20:00,8.965,26.29,7.7
2026-03-28 22:25:00,9.194,26.28,7.7
2026-03-28 22:30:00,8.502,26.24,7.693
2026-03-28 22:35:00,8.104,26.23,7.688
2026-03-28 22:40:00,9.088,26.2,7.688
2026-03-28 22:45:00,7.594,26.16,7.684
2026-03-28 22:50:00,8.182,26.14,7.674
2026-03-28 22:55:00,8.143,26.11,7.668
2026-03-28 23:00:00,8.597,26.08,7.656
2026-03-28 23:05:00,9.176,26.05,7.654
2026-03-28 23:10:00,8.198,26.03,7.666
2026-03-28 23:15:00,8.639,26.01,7.659
2026-03-28 23:20:00,8.468,25.97,7.646
2026-03-28 23:25:00,8.182,25.95,7.641
2026-03-28 23:30:00,9.297,25.94,7.639
2026-03-28 23:35:00,9.563,25.92,7.638
2026-03-28 23:40:00,9.185,25.87,7.637
2026-03-28 23:45:00,8.983,25.87,7.633
2026-03-28 23:50:00,8.349,25.84,7.63
2026-03-28 23:55:00,9.112,25.82,7.629
2026-03-29 00:00:00,8.701,25.8,7.629
2026-03-29 00:05:00,8.228,25.79,7.627
2026-03-29 00:10:00,8.346,25.76,7.625
2026-03-29 00:15:00,7.709,25.74,7.623
2026-03-29 00:20:00,8.38,25.71,7.621
2026-03-29 00:25:00,8.816,25.7,7.621
2026-03-29 00:30:00,8.99,25.67,7.621
2026-03-29 00:35:00,9.365,25.65,7.617
2026-03-29 00:40:00,9.128,25.63,7.618
2026-03-29 00:45:00,8.378,25.6,7.611
2026-03-29 00:50:00,8.585,25.59,7.613
2026-03-29 00:55:00,8.613,25.57,7.608
2026-03-29 01:00:00,8.335,25.53,7.622
2026-03-29 01:05:00,7.951,25.53,7.61
2026-03-29 01:10:00,8.59,25.5,7.604
2026-03-29 01:15:00,7.933,25.47,7.599
2026-03-29 01:20:00,8.38,25.46,7.599
2026-03-29 01:25:00,8.541,25.41,7.6
2026-03-29 01:30:00,8.233,25.4,7.597
2026-03-29 01:35:00,8.855,25.39,7.609
2026-03-29 01:40:00,8.952,25.37,7.59
2026-03-29 01:45:00,9.214,25.34,7.591
2026-03-29 01:50:00,8.781,25.32,7.585
2026-03-29 01:55:00,7.968,25.29,7.581
2026-03-29 02:00:00,8.943,25.26,7.585
2026-03-29 02:05:00,8.906,25.26,7.582
2026-03-29 02:10:00,8.376,25.22,7.576
2026-03-29 02:15:00,8.562,25.2,7.576
2026-03-29 02:20:00,8.986,25.19,7.577
2026-03-29 02:25:00,9.118,25.18,7.577
2026-03-29 02:30:00,8.6,25.16,7.577
2026-03-29 02:35:00,8.675,25.14,7.571
2026-03-29 02:40:00,8.322,25.09,7.565
2026-03-29 02:45:00,8.364,25.07,7.566
2026-03-29 02:50:00,7.577,25.06,7.568
2026-03-29 02:55:00,7.488,25.06,7.57
2026-03-29 03:00:00,7.728,25.03,7.568
2026-03-29 03:05:00,8.13,25.02,7.57
2026-03-29 03:10:00,9.413,25.01,7.563
2026-03-29 03:15:00,8.29,24.99,7.564
2026-03-29 03:20:00,7.632,24.98,7.564
2026-03-29 03:25:00,7.164,24.96,7.566
2026-03-29 03:30:00,6.867,24.94,7.564
2026-03-29 03:35:00,6.704,24.93,7.57
2026-03-29 03:40:00,7.677,24.92,7.568
2026-03-29 03:45:00,6.93,24.9,7.557
2026-03-29 03:50:00,7.564,24.86,7.55
2026-03-29 03:55:00,8.106,24.86,7.552
2026-03-29 04:00:00,7.96,24.85,7.561
2026-03-29 04:05:00,7.793,24.82,7.558
2026-03-29 04:10:00,8.204,24.8,7.555
2026-03-29 04:15:00,7.848,24.78,7.563
2026-03-29 04:20:00,8.602,24.76,7.564
2026-03-29 04:25:00,8.534,24.74,7.556
2026-03-29 04:30:00,8.283,24.73,7.547
2026-03-29 04:35:00,7.207,24.72,7.545
2026-03-29 04:40:00,7.852,24.71,7.545
2026-03-29 04:45:00,8.715,24.69,7.547
2026-03-29 04:50:00,8.88,24.65,7.545
2026-03-29 04:55:00,7.707,24.65,7.543
2026-03-29 05:00:00,8.25,24.64,7.546
2026-03-29 05:05:00,8.565,24.6,7.55
2026-03-29 05:10:00,8.649,24.59,7.545
2026-03-29 05:15:00,8.122,24.58,7.542
2026-03-29 05:20:00,8.47,24.58,7.542
2026-03-29 05:25:00,7.574,24.55,7.544
2026-03-29 05:30:00,8.489,24.52,7.538
2026-03-29 05:35:00,8.215,24.51,7.542
2026-03-29 05:40:00,8.163,24.49,7.54
2026-03-29 05:45:00,8.68,24.46,7.538
2026-03-29 05:50:00,7.993,24.45,7.536
2026-03-29 05:55:00,8.794,24.44,7.53
2026-03-29 06:00:00,8.245,24.4,7.53
2026-03-29 06:05:00,8.327,24.38,7.525
2026-03-29 06:10:00,7.625,24.37,7.526
2026-03-29 06:15:00,8.504,24.35,7.538
2026-03-29 06:20:00,8.38,24.33,7.541
2026-03-29 06:25:00,8.455,24.3,7.526
2026-03-29 06:30:00,8.394,24.27,7.522
2026-03-29 06:35:00,8.299,24.25,7.528
2026-03-29 06:40:00,8.056,24.23,7.528
2026-03-29 06:45:00,8.205,24.22,7.53
2026-03-29 06:50:00,7.155,24.22,7.534
2026-03-29 06:55:00,7.424,24.19,7.53
2026-03-29 07:00:00,7.729,24.17,7.533
2026-03-29 07:05:00,7.127,24.17,7.53
2026-03-29 07:10:00,7.435,24.14,7.53
2026-03-29 07:15:00,7.44,24.12,7.533
2026-03-29 07:20:00,7.026,24.1,7.534
2026-03-29 07:25:00,7.691,24.1,7.534
2026-03-29 07:30:00,7.435,24.07,7.536
2026-03-29 07:35:00,8.34,24.05,7.536
2026-03-29 07:40:00,7.696,24.04,7.534
2026-03-29 07:45:00,7.461,24.04,7.531
2026-03-29 07:50:00,8.353,24.03,7.539
2026-03-29 07:55:00,8.249,24.01,7.543
2026-03-29 08:00:00,8.075,24.01,7.543
2026-03-29 08:05:00,7.386,23.99,7.545
2026-03-29 08:10:00,6.838,23.97,7.551
2026-03-29 08:15:00,6.872,23.97,7.559
2026-03-29 08:20:00,7.506,23.94,7.563
2026-03-29 08:25:00,7.82,23.91,7.56
2026-03-29 08:30:00,7.66,23.91,7.553
2026-03-29 08:35:00,7.293,23.9,7.552
2026-03-29 08:40:00,8.219,23.86,7.55
2026-03-29 08:45:00,7.892,23.82,7.569
2026-03-29 08:50:00,7.773,23.79,7.555
2026-03-29 08:55:00,7.505,23.77,7.568
2026-03-29 09:00:00,7.353,23.77,7.572
2026-03-29 09:05:00,7.558,23.74,7.575
2026-03-29 09:10:00,8.513,23.7,7.573
2026-03-29 09:15:00,8.782,23.7,7.568
2026-03-29 09:20:00,8.483,23.65,7.562
2026-03-29 09:25:00,7.843,23.63,7.558
2026-03-29 09:30:00,7.628,23.6,7.557
2026-03-29 09:35:00,7.202,23.59,7.563
2026-03-29 09:40:00,7.023,23.56,7.574
2026-03-29 09:45:00,7.453,23.55,7.575
2026-03-29 09:50:00,8.91,23.52,7.577
2026-03-29 09:55:00,8.689,23.5,7.569
2026-03-29 10:00:00,7.788,23.46,7.569
2026-03-29 10:05:00,7.667,23.43,7.576
2026-03-29 10:10:00,8.45,23.42,7.579
2026-03-29 10:15:00,8.553,23.4,7.579
2026-03-29 10:20:00,8.292,23.36,7.584
2026-03-29 10:25:00,8.217,23.36,7.589
2026-03-29 10:30:00,8.255,23.35,7.592
2026-03-29 10:35:00,7.203,23.32,7.59
2026-03-29 10:40:00,7.836,23.3,7.595
2026-03-29 10:45:00,7.544,23.29,7.597
2026-03-29 10:50:00,8.506,23.26,7.6
2026-03-29 10:55:00,7.677,23.24,7.603
2026-03-29 11:00:00,7.127,23.22,7.61
2026-03-29 11:05:00,7.914,23.2,7.616
2026-03-29 11:10:00,7.419,23.18,7.61
2026-03-29 11:15:00,8.003,23.16,7.613
2026-03-29 11:20:00,7.097,23.14,7.623
2026-03-29 11:25:00,6.915,23.11,7.63
2026-03-29 11:30:00,7.214,23.09,7.65
2026-03-29 11:35:00,7.804,23.07,7.654
2026-03-29 11:40:00,7.341,23.08,7.655
2026-03-29 11:45:00,7.308,23.08,7.666
2026-03-29 11:50:00,7.453,23.08,7.676
2026-03-29 11:55:00,7.421,23.05,7.677
2026-03-29 12:00:00,8.217,23.05,7.679
2026-03-29 12:05:00,8.604,23.05,7.682
2026-03-29 12:10:00,7.953,23.07,7.687
2026-03-29 12:15:00,8.419,23.09,7.681
2026-03-29 12:20:00,7.567,23.09,7.683
2026-03-29 12:25:00,7.896,23.09,7.69
2026-03-29 12:30:00,8.621,23.09,7.701
2026-03-29 12:35:00,8.391,23.11,7.703
2026-03-29 12:40:00,8.09,23.13,7.714
2026-03-29 12:45:00,8.106,23.15,7.72
2026-03-29 12:50:00,7.903,23.16,7.736
2026-03-29 12:55:00,7.601,23.18,7.749
2026-03-29 13:00:00,8.331,23.19,7.768
2026-03-29 13:05:00,8.219,23.21,7.81
2026-03-29 13:10:00,7.249,23.22,7.828
2026-03-29 13:15:00,7.484,23.24,7.84
2026-03-29 13:20:00,8.623,23.28,7.872
2026-03-29 13:25:00,8.401,23.3,7.896
2026-03-29 13:30:00,8.089,23.35,7.942
2026-03-29 13:35:00,7.728,23.41,7.983
2026-03-29 13:40:00,7.801,23.45,8.052
2026-03-29 13:45:00,7.521,23.51,8.251
2026-03-29 13:50:00,8.243,23.6,8.567
2026-03-29 13:55:00,8.068,23.67,8.825
2026-03-29 14:00:00,8.485,23.77,8.987
2026-03-29 14:05:00,7.532,23.83,8.883
2026-03-29 14:10:00,7.588,23.9,8.699
2026-03-29 14:15:00,8.999,23.97,8.604
2026-03-29 14:20:00,8.406,24.02,8.514
2026-03-29 14:25:00,7.406,24.09,8.451
2026-03-29 14:30:00,8.306,24.14,8.432
2026-03-29 14:35:00,8.724,24.21,8.415
2026-03-29 14:40:00,8.937,24.3,8.409
2026-03-29 14:45:00,8.745,24.36,8.371
2026-03-29 14:50:00,8.197,24.43,8.297
2026-03-29 14:55:00,7.292,24.49,8.234
2026-03-29 15:00:00,7.518,24.56,8.24
2026-03-29 15:05:00,7.266,24.64,8.222
2026-03-29 15:10:00,7.662,24.72,8.192
2026-03-29 15:15:00,7.91,24.78,8.162
2026-03-29 15:20:00,7.861,24.85,8.123
2026-03-29 15:25:00,8.474,24.9,8.099
2026-03-29 15:30:00,8.744,24.98,8.08
2026-03-29 15:35:00,9.06,25.05,8.07
2026-03-29 15:40:00,8.557,25.11,8.059
2026-03-29 15:45:00,8.073,25.15,8.037
2026-03-29 15:50:00,6.921,25.21,8.008
2026-03-29 15:55:00,7.513,25.28,7.982
2026-03-29 16:00:00,7.451,25.35,7.971
2026-03-29 16:05:00,7.836,25.39,7.976
2026-03-29 16:10:00,7.624,25.44,8.004
2026-03-29 16:15:00,7.322,25.47,8.048
2026-03-29 16:20:00,9.071,25.51,8.069
2026-03-29 16:25:00,8.168,25.53,8.077
2026-03-29 16:30:00,8.643,25.57,8.089
2026-03-29 16:35:00,8.092,25.6,8.11
2026-03-29 16:40:00,7.803,25.6,8.103
2026-03-29 16:45:00,7.789,25.63,8.064
2026-03-29 16:50:00,8.149,25.66,8.001
2026-03-29 16:55:00,7.709,25.67,7.97
2026-03-29 17:00:00,7.937,25.68,7.955
2026-03-29 17:05:00,7.996,25.68,7.939
2026-03-29 17:10:00,8.155,25.68,7.901
2026-03-29 17:15:00,7.883,25.7,7.895
2026-03-29 17:20:00,7.899,25.71,7.881
2026-03-29 17:25:00,7.948,25.72,7.862
2026-03-29 17:30:00,7.911,25.73,7.849
2026-03-29 17:35:00,7.918,25.72,7.834
2026-03-29 17:40:00,7.234,25.72,7.824
2026-03-29 17:45:00,8.236,25.73,7.818
2026-03-29 17:50:00,7.873,25.72,7.802
2026-03-29 17:55:00,7.986,25.72,7.796
2026-03-29 18:00:00,8.215,25.73,7.783
2026-03-29 18:05:00,7.954,25.72,7.776
2026-03-29 18:10:00,7.443,25.72,7.76
2026-03-29 18:15:00,7.238,25.68,7.747
2026-03-29 18:20:00,7.35,25.67,7.738
2026-03-29 18:25:00,8.085,25.64,7.73
2026-03-29 18:30:00,7.782,25.62,7.725
2026-03-29 18:35:00,8.223,25.6,7.728
2026-03-29 18:40:00,8.271,25.57,7.713
2026-03-29 18:45:00,9.141,25.53,7.709
2026-03-29 18:50:00,8.734,25.5,7.705
2026-03-29 18:55:00,9.64,25.47,7.701
2026-03-29 19:00:00,8.255,25.45,7.706
2026-03-29 19:05:00,8.518,25.4,7.697
2026-03-29 19:10:00,9.192,25.39,7.7
2026-03-29 19:15:00,8.096,25.35,7.699
2026-03-29 19:20:00,8.293,25.34,7.701
2026-03-29 19:25:00,7.64,25.33,7.704
2026-03-29 19:30:00,8.281,25.31,7.706
2026-03-29 19:35:00,7.875,25.27,7.702
2026-03-29 19:40:00,7.441,25.26,7.705
2026-03-29 19:45:00,7.923,25.24,7.708
2026-03-29 19:50:00,7.745,25.21,7.711
2026-03-29 19:55:00,8.252,25.2,7.715
2026-03-29 20:00:00,7.902,25.18,7.716
2026-03-29 20:05:00,9.264,25.16,7.718
2026-03-29 20:10:00,9.097,25.13,7.715
2026-03-29 20:15:00,8.778,25.11,7.712
2026-03-29 20:20:00,9.013,25.07,7.718
2026-03-29 20:25:00,8.269,25.06,7.719
2026-03-29 20:30:00,8.4,25.05,7.721
2026-03-29 20:35:00,9.413,25.04,7.718
2026-03-29 20:40:00,8.037,25.03,7.713
2026-03-29 20:45:00,7.338,25.0,7.716
2026-03-29 20:50:00,8.221,24.99,7.717
2026-03-29 20:55:00,8.816,24.96,7.722
2026-03-29 21:00:00,8.32,24.94,7.719
2026-03-29 21:05:00,7.9,24.92,7.721
2026-03-29 21:10:00,8.118,24.89,7.723
2026-03-29 21:15:00,7.831,24.86,7.72
2026-03-29 21:20:00,8.716,24.86,7.717
2026-03-29 21:25:00,8.915,24.86,7.716
2026-03-29 21:30:00,7.618,24.84,7.714
2026-03-29 21:35:00,7.64,24.82,7.709
2026-03-29 21:40:00,8.156,24.79,7.704
2026-03-29 21:45:00,8.793,24.79,7.705
2026-03-29 21:50:00,7.846,24.78,7.713
2026-03-29 21:55:00,8.459,24.77,7.705
2026-03-29 22:00:00,7.79,24.73,7.699
2026-03-29 22:05:00,8.182,24.72,7.698
2026-03-29 22:10:00,9.013,24.72,7.704
2026-03-29 22:15:00,8.773,24.71,7.699
2026-03-29 22:20:00,8.292,24.68,7.702
2026-03-29 22:25:00,7.952,24.66,7.691
2026-03-29 22:30:00,8.474,24.64,7.694
2026-03-29 22:35:00,7.664,24.62,7.692
2026-03-29 22:40:00,8.878,24.59,7.691
2026-03-29 22:45:00,8.782,24.58,7.696
2026-03-29 22:50:00,8.473,24.55,7.694
2026-03-29 22:55:00,7.714,24.51,7.691
2026-03-29 23:00:00,7.782,24.5,7.689
2026-03-29 23:05:00,8.349,24.48,7.685
2026-03-29 23:10:00,8.424,24.45,7.683
2026-03-29 23:15:00,7.668,24.42,7.683
2026-03-29 23:20:00,7.588,24.38,7.68
2026-03-29 23:25:00,7.563,24.37,7.684
2026-03-29 23:30:00,7.037,24.34,7.677
2026-03-29 23:35:00,9.041,24.31,7.675
2026-03-29 23:40:00,8.951,24.31,7.676
2026-03-29 23:45:00,8.812,24.28,7.679
2026-03-29 23:50:00,8.618,24.27,7.683
2026-03-29 23:55:00,8.422,24.25,7.684
2026-03-30 00:00:00,8.841,24.25,7.68
2026-03-30 00:05:00,7.921,24.25,7.678
2026-03-30 00:10:00,8.547,24.23,7.682
2026-03-30 00:15:00,8.714,24.24,7.687
2026-03-30 00:20:00,8.758,24.24,7.691
2026-03-30 00:25:00,7.374,24.24,7.687
2026-03-30 00:30:00,8.43,24.25,7.69
2026-03-30 00:35:00,8.585,24.24,7.696
2026-03-30 00:40:00,8.576,24.24,7.68
2026-03-30 00:45:00,8.554,24.24,7.681
2026-03-30 00:50:00,8.061,24.25,7.679
2026-03-30 00:55:00,8.712,24.26,7.675
2026-03-30 01:00:00,8.622,24.25,7.669
2026-03-30 01:05:00,8.313,24.27,7.661
2026-03-30 01:10:00,7.205,24.26,7.658
2026-03-30 01:15:00,8.991,24.25,7.659
2026-03-30 01:20:00,8.605,24.27,7.658
2026-03-30 01:25:00,8.587,24.27,7.635
2026-03-30 01:30:00,7.814,24.29,7.617
2026-03-30 01:35:00,7.932,24.28,7.615
2026-03-30 01:40:00,7.765,24.3,7.605
2026-03-30 01:45:00,7.818,24.3,7.602
2026-03-30 01:50:00,7.923,24.3,7.599
2026-03-30 01:55:00,8.869,24.29,7.594
2026-03-30 02:00:00,7.434,24.3,7.591
2026-03-30 02:05:00,7.454,24.31,7.589
2026-03-30 02:10:00,8.525,24.3,7.587
2026-03-30 02:15:00,7.986,24.31,7.576
2026-03-30 02:20:00,8.731,24.31,7.57
2026-03-30 02:25:00,8.01,24.31,7.563
2026-03-30 02:30:00,7.995,24.31,7.561
2026-03-30 02:35:00,8.775,24.31,7.555
2026-03-30 02:40:00,8.74,24.31,7.554
2026-03-30 02:45:00,7.909,24.31,7.547
2026-03-30 02:50:00,7.588,24.31,7.542
2026-03-30 02:55:00,8.967,24.31,7.545
2026-03-30 03:00:00,8.757,24.31,7.541
2026-03-30 03:05:00,8.906,24.32,7.544
2026-03-30 03:10:00,7.366,24.31,7.537
2026-03-30 03:15:00,7.773,24.31,7.541
2026-03-30 03:20:00,7.75,24.32,7.54
2026-03-30 03:25:00,7.407,24.31,7.537
2026-03-30 03:30:00,7.673,24.32,7.539
2026-03-30 03:35:00,7.584,24.32,7.538
2026-03-30 03:40:00,7.644,24.31,7.537
2026-03-30 03:45:00,8.13,24.31,7.536
2026-03-30 03:50:00,8.674,24.31,7.536
2026-03-30 03:55:00,7.279,24.31,7.535
2026-03-30 04:00:00,8.537,24.31,7.533
2026-03-30 04:05:00,9.157,24.31,7.539
2026-03-30 04:10:00,8.724,24.31,7.539
2026-03-30 04:15:00,8.791,24.3,7.539
2026-03-30 04:20:00,8.507,24.31,7.537
2026-03-30 04:25:00,8.629,24.31,7.537
2026-03-30 04:30:00,8.724,24.31,7.535
2026-03-30 04:35:00,7.469,24.3,7.537
2026-03-30 04:40:00,8.609,24.31,7.537
2026-03-30 04:45:00,8.282,24.3,7.536
2026-03-30 04:50:00,7.966,24.31,7.538
2026-03-30 04:55:00,8.119,24.31,7.534
2026-03-30 05:00:00,7.928,24.3,7.533
2026-03-30 05:05:00,7.359,24.31,7.532
2026-03-30 05:10:00,7.579,24.3,7.532
2026-03-30 05:15:00,7.932,24.3,7.531
2026-03-30 05:20:00,7.241,24.29,7.532
2026-03-30 05:25:00,7.479,24.29,7.527
2026-03-30 05:30:00,7.522,24.29,7.53
2026-03-30 05:35:00,9.153,24.29,7.535
2026-03-30 05:40:00,8.735,24.29,7.534
2026-03-30 05:45:00,9.186,24.29,7.533
2026-03-30 05:50:00,8.968,24.28,7.528
2026-03-30 05:55:00,8.89,24.28,7.528
2026-03-30 06:00:00,8.674,24.28,7.53
2026-03-30 06:05:00,8.155,24.27,7.525
2026-03-30 06:10:00,8.336,24.26,7.522
2026-03-30 06:15:00,8.483,24.27,7.525
2026-03-30 06:20:00,8.775,24.28,7.523
2026-03-30 06:25:00,7.822,24.3,7.523
2026-03-30 06:30:00,8.064,24.3,7.522
2026-03-30 06:35:00,7.479,24.27,7.527
2026-03-30 06:40:00,7.604,24.29,7.519
2026-03-30 06:45:00,8.157,24.29,7.522
2026-03-30 06:50:00,7.812,24.29,7.526
2026-03-30 06:55:00,9.137,24.28,7.526
2026-03-30 07:00:00,9.283,24.29,7.529
2026-03-30 07:05:00,8.274,24.29,7.527
2026-03-30 07:10:00,8.909,24.3,7.522
2026-03-30 07:15:00,7.734,24.3,7.52
2026-03-30 07:20:00,8.507,24.26,7.512
2026-03-30 07:25:00,8.191,24.27,7.517
2026-03-30 07:30:00,8.212,24.28,7.517
2026-03-30 07:35:00,7.927,24.28,7.512
2026-03-30 07:40:00,7.456,24.29,7.515
2026-03-30 08:10:00,9.212,24.26,7.509
2026-03-30 08:15:00,8.138,24.26,7.503
2026-03-30 08:20:00,7.914,24.29,7.505
2026-03-30 08:25:00,7.7,24.29,7.514
2026-03-30 08:30:00,7.563,24.28,7.507
2026-03-30 08:35:00,7.573,24.28,7.502
2026-03-31 10:05:00,9.101,23.77,7.194
2026-03-31 10:10:00,8.487,23.77,7.198
2026-03-31 10:15:00,8.102,23.8,7.204
2026-03-31 10:20:00,8.253,23.83,7.212
2026-03-31 10:25:00,7.739,23.84,7.217
2026-03-31 10:30:00,8.177,23.84,7.221
2026-04-01 18:10:00,6.804,28.66,8.028
2026-04-01 18:15:00,7.827,28.65,8.025
2026-04-01 18:20:00,6.417,28.62,8.036
2026-04-01 18:25:00,6.414,28.59,8.02
2026-04-01 18:30:00,7.967,28.56,8.019
2026-04-01 18:35:00,6.708,28.53,8.014
2026-04-01 18:40:00,6.507,28.53,8.008
2026-04-01 18:45:00,6.965,28.52,8.006
2026-04-01 18:50:00,6.524,28.51,7.999
2026-04-01 18:55:00,6.873,28.47,7.995
2026-04-01 19:00:00,6.912,28.46,7.993
2026-04-01 19:05:00,6.393,28.44,7.988
2026-04-01 19:10:00,7.949,28.4,7.986
2026-04-01 19:15:00,7.228,28.39,7.979
2026-04-01 19:20:00,6.175,28.37,7.969
2026-04-01 19:25:00,6.731,28.34,7.965
2026-04-01 19:30:00,6.476,28.31,7.951
2026-04-01 19:35:00,6.776,28.27,7.907
2026-04-01 19:40:00,6.718,28.25,7.872
2026-04-01 19:45:00,5.889,28.25,7.843
2026-04-01 19:50:00,6.334,28.23,7.814
2026-04-01 19:55:00,6.152,28.18,7.777
2026-04-01 20:00:00,5.428,28.18,7.756
2026-04-01 20:05:00,6.014,28.13,7.745
2026-04-01 20:10:00,4.713,28.11,7.728
2026-04-01 20:15:00,5.155,28.1,7.709
2026-04-01 20:20:00,6.105,28.07,7.702
2026-04-01 20:25:00,5.702,28.06,7.699
2026-04-01 20:30:00,5.575,28.04,7.692
2026-04-01 20:35:00,6.928,28.01,7.69
2026-04-01 20:40:00,6.263,27.98,7.689
2026-04-01 20:45:00,7.828,27.97,7.68
2026-04-01 20:50:00,6.886,27.93,7.677
2026-04-01 20:55:00,6.398,27.9,7.673
2026-04-01 21:00:00,5.986,27.89,7.668
2026-04-01 21:05:00,6.391,27.86,7.655
2026-04-01 21:10:00,6.591,27.84,7.639
2026-04-01 21:15:00,6.451,27.82,7.636
2026-04-01 21:20:00,6.875,27.8,7.627
2026-04-01 21:25:00,6.757,27.79,7.626
2026-04-01 21:30:00,7.112,27.78,7.612
2026-04-01 21:35:00,6.843,27.74,7.606
2026-04-01 21:40:00,6.745,27.71,7.592
2026-04-01 21:45:00,7.1,27.71,7.586
2026-04-01 21:50:00,7.149,27.71,7.577
2026-04-01 21:55:00,7.144,27.69,7.565
2026-04-01 22:00:00,6.985,27.67,7.556
2026-04-01 22:05:00,7.255,27.64,7.545
2026-04-01 22:10:00,6.897,27.6,7.532
2026-04-01 22:15:00,7.141,27.59,7.525
2026-04-01 22:20:00,7.597,27.57,7.517
2026-04-01 22:25:00,7.256,27.55,7.505
2026-04-01 22:30:00,7.124,27.53,7.505
2026-04-01 22:35:00,7.144,27.52,7.495
2026-04-01 22:40:00,7.052,27.51,7.494
2026-04-01 22:45:00,7.501,27.49,7.492
2026-04-01 22:50:00,7.839,27.47,7.488
2026-04-01 22:55:00,7.172,27.44,7.481
2026-04-01 23:00:00,8.327,27.43,7.476
2026-04-01 23:05:00,7.409,27.4,7.473
2026-04-01 23:10:00,7.273,27.37,7.47
2026-04-01 23:15:00,7.392,27.35,7.461
2026-04-01 23:20:00,8.317,27.32,7.461
2026-04-01 23:25:00,8.051,27.31,7.46
2026-04-01 23:30:00,7.269,27.3,7.452
2026-04-01 23:35:00,7.906,27.29,7.445
2026-04-01 23:40:00,7.856,27.26,7.439
2026-04-01 23:45:00,7.556,27.24,7.437
2026-04-01 23:50:00,7.126,27.23,7.435
2026-04-01 23:55:00,7.242,27.2,7.429
2026-04-02 00:00:00,7.051,27.17,7.431
2026-04-02 00:05:00,7.821,27.16,7.425
2026-04-02 00:10:00,7.608,27.15,7.415
2026-04-09 14:55:00,6.458,28.26,8.453
2026-04-09 15:00:00,5.714,28.26,8.443
2026-04-09 15:05:00,6.158,28.27,8.411
2026-04-09 15:10:00,6.368,28.27,8.389
2026-04-09 15:15:00,6.496,28.33,8.384
2026-04-09 15:20:00,6.72,28.34,8.409
2026-04-09 15:25:00,8.7,26.77,8.073
2026-04-09 15:30:00,12.106,30.17,7.334
2026-04-09 15:35:00,11.649,30.88,7.27
2026-04-09 15:40:00,13.027,30.68,7.218
2026-04-09 15:45:00,10.662,30.6,7.236
2026-04-09 15:50:00,10.346,30.56,7.254
2026-04-09 15:55:00,10.39,30.51,7.282
2026-04-09 16:00:00,10.628,30.44,7.301
2026-04-09 16:05:00,9.412,30.39,7.321
2026-04-09 16:10:00,9.86,30.36,7.343
2026-04-09 16:15:00,9.938,30.3,7.358
2026-04-09 16:20:00,9.804,30.26,7.36
2026-04-09 16:25:00,9.888,30.22,7.36
2026-04-09 16:30:00,10.059,30.18,7.375
2026-04-09 16:35:00,10.124,30.14,7.388
2026-04-09 16:40:00,9.215,30.09,7.403
2026-04-09 16:45:00,8.659,30.07,7.427
2026-04-09 16:50:00,9.827,30.03,7.443
2026-04-09 16:55:00,9.916,30.0,7.461
2026-04-09 17:00:00,8.999,29.97,7.477
2026-04-09 17:05:00,8.863,29.93,7.498
2026-04-09 17:10:00,9.057,29.89,7.516
2026-04-09 17:15:00,8.723,29.88,7.53
2026-04-09 17:20:00,8.772,29.83,7.545
2026-04-09 17:25:00,9.491,29.81,7.562
2026-04-09 17:30:00,9.328,29.76,7.576
2026-04-09 17:35:00,8.48,29.74,7.605
2026-04-09 17:40:00,9.408,29.7,7.612
2026-04-09 17:45:00,9.352,29.68,7.624
2026-04-09 17:50:00,8.478,29.63,7.637
2026-04-09 17:55:00,8.273,29.61,7.65
2026-04-09 18:00:00,8.662,29.58,7.664
2026-04-09 18:05:00,8.45,29.55,7.681
2026-04-09 18:10:00,9.088,29.5,7.685
2026-04-09 18:15:00,8.692,29.47,7.704
2026-04-09 18:20:00,7.36,29.44,7.717
2026-04-09 18:25:00,8.356,29.41,7.731
2026-04-09 18:30:00,8.254,29.37,7.744
2026-04-09 18:35:00,8.116,29.34,7.754
2026-04-09 18:40:00,8.928,29.33,7.771
2026-04-09 18:45:00,8.083,29.29,7.791
2026-04-09 18:50:00,7.959,29.27,7.796
2026-04-09 18:55:00,8.383,29.24,7.807
2026-04-09 19:00:00,8.018,29.21,7.809
2026-04-09 19:05:00,8.256,29.2,7.818
2026-04-27 20:50:00,3.004,33.09,10.326
2026-04-27 20:55:00,2.936,33.1,10.33
2026-04-27 21:00:00,2.49,33.1,10.331
2026-04-27 21:05:00,2.407,33.09,10.325
2026-04-27 21:10:00,2.773,33.08,10.317
2026-04-27 21:15:00,3.047,33.08,10.313
2026-04-27 21:20:00,3.156,33.08,10.319
2026-04-27 21:25:00,3.58,33.08,10.313
2026-04-27 21:30:00,2.767,33.08,10.317
2026-04-27 21:35:00,2.869,33.08,10.306
2026-04-27 21:40:00,3.247,33.08,10.31
2026-04-27 21:45:00,2.806,33.07,10.314
2026-04-27 21:50:00,3.25,33.07,10.308
2026-04-27 21:55:00,3.111,33.03,10.295
2026-04-27 22:00:00,3.231,33.01,10.314
2026-04-27 22:05:00,3.46,32.96,10.314
2026-04-27 22:10:00,3.699,32.92,10.319
